<?xml version='1.0' encoding='ISO-8859-1'?>

<!DOCTYPE swatch SYSTEM "swatch.dtd">

<swatch             name="WWW_LINK_CUR_NORM">

<!-- Base Satellite definition -->
	<sat	        shape="edgeShp"
					hover="hoverEvt"
					click="clickEvt"
					isBack="true">
		<slice		inCol="164 164 164"
					outCol="100 100 100"/>
	</sat>

	<sat	        shape="edgeShp"
					selection="search">
		<slice		inCol="255 255 255"
					outCol="255 0 0"/>
	</sat>

<!-- References -->
	<font		    id="tipFnt"
					name="Helvetica"
					size="12"/>

	<font		    id="fixedFnt"
					name="Monospaced"
					size="12"/>

	<shape		    id="edgeShp"
					scale="1"
					anchor="intersect">
	</shape>

	<tooltip    id="tooltip"
				delay="0"
				length="3000">
		<tip 	font="tipFnt"
				label="[/20sREC_NAME]"
				inCol="255 255 223"
				textCol="&blackCol;"
				align="center"
				isFloating="true"/>
	</tooltip>

	<!-- Hover event -->
	<event 	        id="hoverEvt">
		<show       status="Cliquez pour afficher le menu du lien"/>
		<pop        tooltip="tooltip"/>
	</event>

	<!-- Click event -->
	<event 	        id="clickEvt">
		<popup      menu="menu"/>
	</event>
	
	<menu id="menu" font="menuFnt">
		<item label="[sREC_NAME]" url="javascript:NewWin([sREC_ID],[sREC_NAME])" />
	</menu>

	<font		    id="menuFnt"
					name="Monospaced"
					size="11"/>
</swatch>

